{
    "camera_matrix": [
        [
            1406.096923828125,
            0.0,
            820.0
        ],
        [
            0.0,
            1406.0869140625,
            616.0
        ],
        [
            0.0,
            0.0,
            1.0
        ]
    ],
    "dist_coeffs": [
        [
            -2.365999937057495,
            4.486000061035156,
            0.0,
            0.0,
            -3.4769999980926514
        ]
    ],
    "image_size": [
        1640,
        1232
    ],
    "zoom_factor": 0.57,
    "reprojection_error": 0.0
}