{
    "camera_matrix": [
        [
            786.1182345768096,
            0.0,
            774.4337196377365
        ],
        [
            0.0,
            782.5465435145859,
            640.0306119671147
        ],
        [
            0.0,
            0.0,
            1.0
        ]
    ],
    "dist_coeffs": [
        [
            -0.35058779954084446,
            0.16670364128296303,
            -0.0007281343350823001,
            0.0008021135580895371,
            -0.04332041575028893
        ]
    ],
    "image_size": [
        1640,
        1232
    ],
    "reprojection_error": 1.3587368575507814
}