{
    "camera_matrix": [
        [
            1406.096923828125,
            0.0,
            820.0
        ],
        [
            0.0,
            1406.0869140625,
            616.0
        ],
        [
            0.0,
            0.0,
            1.0
        ]
    ],
    "dist_coeffs": [
        [
            -0.8435999751091003,
            0.5,
            0.0,
            0.0,
            0.0
        ]
    ],
    "image_size": [
        1640,
        1232
    ],
    "reprojection_error": 0.0
}