{
    "camera_matrix": [
        [
            681.9376122735569,
            0.0,
            786.7060142069274
        ],
        [
            0.0,
            683.6088016525434,
            646.9261406829243
        ],
        [
            0.0,
            0.0,
            1.0
        ]
    ],
    "dist_coeffs": [
        [
            -0.24772366221054554,
            0.07668540465750721,
            -0.0032416618943267423,
            -0.00058067987101079,
            -0.012499082603756624
        ]
    ],
    "image_size": [
        1640,
        1232
    ],
    "reprojection_error": 2.022679434624482
}