{
    "camera_matrix": [
        [
            2812.19384765625,
            0.0,
            1640.0
        ],
        [
            0.0,
            2812.173828125,
            1232.0
        ],
        [
            0.0,
            0.0,
            1.0
        ]
    ],
    "dist_coeffs": [
        [
            -2.61299991607666,
            5.308000087738037,
            0.0,
            0.0,
            -4.486000061035156
        ]
    ],
    "image_size": [
        3280,
        2464
    ],
    "zoom_factor": 0.54,
    "reprojection_error": 0.0
}