{
    "camera_matrix": [
        [
            1175.9032321199577,
            0.0,
            911.9391913983973
        ],
        [
            0.0,
            875.8842106881418,
            551.3740385942556
        ],
        [
            0.0,
            0.0,
            1.0
        ]
    ],
    "dist_coeffs": [
        [
            -0.519062192060286,
            0.3021018149351593,
            0.004991343708786829,
            0.0015259646201735717,
            -0.09599796951021158
        ]
    ],
    "image_size": [
        1920,
        1080
    ],
    "reprojection_error": 0.7414102360207308
}