{
    ".\\image_0.png": {
        "source_points": [
            [
                393,
                567
            ],
            [
                1175,
                556
            ],
            [
                1304,
                673
            ],
            [
                233,
                702
            ]
        ],
        "transformation_matrix": [
            [
                -2.2531819605103918,
                -2.6704378791234262,
                2399.6387879435665
            ],
            [
                -0.053754601049390616,
                -3.821463456420314,
                2187.8953380027283
            ],
            [
                0.00010544981731386867,
                -0.00493375623489987,
                1.0
            ]
        ],
        "output_dimensions": [
            1071,
            209
        ]
    },
    ".\\image_1.png": {
        "source_points": [
            [
                228,
                504
            ],
            [
                1311,
                508
            ],
            [
                1468,
                715
            ],
            [
                26,
                742
            ]
        ],
        "transformation_matrix": [
            [
                3.7610288511861785,
                3.192133730838687,
                -2466.3499784131473
            ],
            [
                -0.02061060195082194,
                5.580320478184941,
                -2807.7823037604226
            ],
            [
                -0.0003191636441411588,
                0.0044368673032328,
                1.0
            ]
        ],
        "output_dimensions": [
            1442,
            312
        ]
    },
    ".\\image_2.png": {
        "source_points": [
            [
                9,
                441
            ],
            [
                1487,
                473
            ],
            [
                1494,
                755
            ],
            [
                4,
                763
            ]
        ],
        "transformation_matrix": [
            [
                0.8917370022972195,
                0.013846847861758063,
                -14.132092927710282
            ],
            [
                -0.022001742857145262,
                1.0162054982143955,
                -447.94860902683416
            ],
            [
                -8.539743809225327e-05,
                2.6285115933707736e-05,
                1.0
            ]
        ],
        "output_dimensions": [
            1490,
            322
        ]
    },
    ".\\image_3.png": {
        "source_points": [
            [
                1,
                436
            ],
            [
                1507,
                495
            ],
            [
                1330,
                712
            ],
            [
                206,
                695
            ]
        ],
        "transformation_matrix": [
            [
                0.6187067147457096,
                -0.4897099479647506,
                212.89483059788552
            ],
            [
                -0.026260208785127883,
                0.6703029564475015,
                -292.2258288023255
            ],
            [
                -3.854177806411005e-05,
                -0.0006917091102951228,
                1.0
            ]
        ],
        "output_dimensions": [
            1507,
            330
        ]
    },
    ".\\image_4.png": {
        "source_points": [
            [
                201,
                509
            ],
            [
                1334,
                560
            ],
            [
                1185,
                683
            ],
            [
                373,
                659
            ]
        ],
        "transformation_matrix": [
            [
                0.46410825586614823,
                -0.5321774667265164,
                177.59257113470105
            ],
            [
                -0.025314774345064385,
                0.5623850849599602,
                -281.1657386012618
            ],
            [
                -9.406957711637406e-06,
                -0.0009773176681191968,
                1.0
            ]
        ],
        "output_dimensions": [
            1134,
            228
        ]
    }
}